{
 "Device" : "GW5AST-138B",
 "Files" : [
  {
   "Path" : "E:/git_proj/fpga_proj/PCIe/demo/tmp/pcie_dma_demo/src/arb/arbiter_encryption.v",
   "Type" : "verilog"
  },
  {
   "Path" : "E:/git_proj/fpga_proj/PCIe/demo/tmp/pcie_dma_demo/src/gowin_pll/gowin_pll.v",
   "Type" : "verilog"
  },
  {
   "Path" : "E:/git_proj/fpga_proj/PCIe/demo/tmp/pcie_dma_demo/src/include/top_define.v",
   "Type" : "verilog"
  },
  {
   "Path" : "E:/git_proj/fpga_proj/PCIe/demo/tmp/pcie_dma_demo/src/pcie/tlp_dec_encrypt.v",
   "Type" : "verilog"
  },
  {
   "Path" : "E:/git_proj/fpga_proj/PCIe/demo/tmp/pcie_dma_demo/src/serdes/pcie_controller/pcie_controller.v",
   "Type" : "verilog"
  },
  {
   "Path" : "E:/git_proj/fpga_proj/PCIe/demo/tmp/pcie_dma_demo/src/serdes/serdes.v",
   "Type" : "verilog"
  },
  {
   "Path" : "E:/git_proj/fpga_proj/PCIe/demo/tmp/pcie_dma_demo/src/top.v",
   "Type" : "verilog"
  }
 ],
 "IncludePath" : [
  "src/include"
 ],
 "LoopLimit" : 2000,
 "ResultFile" : "E:/git_proj/fpga_proj/PCIe/demo/tmp/pcie_dma_demo/impl/temp/rtl_parser.result",
 "Top" : "top",
 "VerilogStd" : "verilog_2001",
 "VhdlStd" : "vhdl_93"
}